domen,fajl,razmer,status
kirov,img/bg/catalog-bgr-02.jpeg,,na-hostinge-ne-bylo (priemka: otlichi ot sboya DELE)
kirov,img/bg/catalog-bgr-04.jpeg,,na-hostinge-ne-bylo (priemka: otlichi ot sboya DELE)
kirov,img/bg/catalog-bgr-06.jpg,,na-hostinge-ne-bylo (priemka: otlichi ot sboya DELE)
kirov,img/bg/catalog-bgr-07.jpg,,na-hostinge-ne-bylo (priemka: otlichi ot sboya DELE)
kirov,img/icons/icon-cink.jpg,,na-hostinge-ne-bylo (priemka: otlichi ot sboya DELE)
kirov,img/icons/icon-dostavka.jpeg,,na-hostinge-ne-bylo (priemka: otlichi ot sboya DELE)
kirov,img/icons/icon-oplata.jpeg,,na-hostinge-ne-bylo (priemka: otlichi ot sboya DELE)
kirov,img/icons/icon-proizvodstvo.jpeg,,na-hostinge-ne-bylo (priemka: otlichi ot sboya DELE)
kirov,upload/catalog/catalog-kronshtein-view-01.jpeg,27221,udalen
kirov,upload/catalog/catalog-kronshtein-view-02.jpeg,23426,udalen
kirov,upload/catalog/catalog-kronshtein-view-03.jpeg,28883,udalen
kirov,upload/catalog/catalog-kronshtein-view-04.jpeg,29485,udalen
kirov,upload/catalog/catalog-kronshtein-view-05.jpeg,25366,udalen
kirov,upload/catalog/catalog-kronshtein-view-07.jpeg,27392,udalen
kirov,upload/catalog/catalog-prom-opora-rmg.jpg,46736,udalen
kirov,upload/catalog/catalog-prom-opora-rmp.jpg,71695,udalen
kirov,upload/catalog/catalog-prom-opora-rmt.jpg,58990,udalen
kirov,upload/catalog/home-catalog-fyndament.jpeg,40647,udalen
kirov,upload/catalog/home-catalog-kronshtein-03.jpeg,28883,udalen
kirov,upload/catalog/home-catalog-kronshtein-07.jpeg,27392,udalen
kirov,upload/catalog/home-catalog-ogkf-nfg.jpeg,32915,udalen
kirov,upload/catalog/home-catalog-ogs-sfg.jpeg,33563,udalen
kirov,upload/catalog/home-catalog-omgdz.jpeg,33361,udalen
kirov,upload/catalog/home-catalog-parkovye.jpeg,33770,udalen
kirov,upload/catalog/home-catalog-rmg.jpeg,33331,udalen
kirov,upload/catalog/product-vint-svai.jpeg,25902,udalen
kirov,upload/catalog/prom-opora-catalog-fyndament-04.jpeg,40550,udalen
kirov,upload/catalog/prom-opora-catalog-fyndament-05.jpeg,40647,udalen
kirov,upload/catalog/prom-opora-catalog-ogkf-nfg.jpg,34373,udalen
kirov,upload/catalog/prom-opora-catalog-ogs-sfg.jpg,35312,udalen
kirov,upload/catalog/prom-opora-catalog-omgdz-1.jpeg,33361,udalen
kirov,upload/catalog/prom-opora-catalog-omgsv-1.jpeg,33630,udalen
kirov,upload/catalog/prom-opora-catalog-otf-nf.jpg,58837,udalen
kirov,upload/catalog/prom-opora-catalog-sodg-1.jpeg,30795,udalen
kirov,upload/catalog/prom-opora-catalog-svetofor-gran.jpeg,32663,udalen
kirov,upload/certs/cert-2024.jpg,423137,udalen
kirov,upload/certs/cert-eaes.jpg,443773,udalen
kirov,upload/works/catalog-kronshtein-dlya-opor-03.jpeg,137112,udalen
kirov,upload/works/catalog-kronshtein-dlya-opor-04.jpeg,140739,udalen
kirov,upload/works/catalog-kronshtein-dlya-opor-06.jpeg,144008,udalen
kirov,upload/works/catalog-nesilovie-opory-ogkf-01.jpeg,142735,udalen
kirov,upload/works/catalog-nesilovie-opory-ogkf-03.jpeg,136819,udalen
kirov,upload/works/catalog-nesilovie-opory-ogkf-04.jpeg,136378,udalen
kirov,upload/works/catalog-nesilovie-opory-ogkf-05.jpeg,183542,udalen
kirov,upload/works/catalog-nesilovie-opory-ogkf-06.jpeg,159194,udalen
kirov,upload/works/catalog-prom-opora-ramnye-opory-01.jpeg,145990,udalen
kirov,upload/works/catalog-prom-opora-ramnye-opory-02.jpeg,97179,udalen
kirov,upload/works/catalog-prom-opora-ramnye-opory-03.jpeg,50259,udalen
kirov,upload/works/catalog-prom-opora-ramnye-opory-04.jpeg,107665,udalen
kirov,upload/works/catalog-prom-opora-ramnye-opory-05.jpeg,111084,udalen
kirov,upload/works/catalog-prom-opora-ramnye-opory-06.jpeg,117199,udalen
kirov,upload/works/catalog-prom-opora-ramnye-opory-07.jpeg,130224,udalen
kirov,upload/works/catalog-trybchatye-otf-nf-02.jpeg,93718,udalen
kirov,upload/works/catalog-trybchatye-otf-nf-03.jpeg,81882,udalen
kirov,upload/works/catalog-trybchatye-otf-nf-04.jpeg,105843,udalen
kirov,upload/works/catalog-trybchatye-otf-nf-05.jpeg,69834,udalen
kirov,upload/works/catalog-trybchatye-otf-nf-06.jpeg,158775,udalen
kirov,upload/works/catalog-trybchatye-otf-nf-07.jpeg,107071,udalen
kirov,upload/works/catalog-trybchatye-otf-nf-08.jpeg,152301,udalen
kirov,upload/works/catalog-trybchatye-otf-nf-09.jpeg,148814,udalen
kirov,upload/works/catalog-trybchatye-silovye-01.jpeg,174588,udalen
kirov,upload/works/catalog-trybchatye-silovye-02.jpeg,140008,udalen
kirov,upload/works/catalog-trybchatye-silovye-03.jpeg,160766,udalen
kirov,upload/works/catalog-trybchatye-silovye-04.jpeg,155799,udalen
kirov,upload/works/catalog-trybchatye-silovye-05.jpeg,81124,udalen
kirov,upload/works/catalog-trybchatye-silovye-06 (1).jpg,365536,udalen
kirov,upload/works/catalog-trybchatye-silovye-06 (1).webp,46300,udalen
kirov,upload/works/catalog-trybchatye-silovye-06.jpg,365536,udalen
kirov,upload/works/park-010-1.jpeg,59539,udalen
kirov,upload/works/park-010-2.jpeg,135902,udalen
kirov,upload/works/park-011-2.jpeg,158810,udalen
kirov,upload/works/park-011-4.jpeg,64890,udalen
kirov,upload/works/park-011-5.jpeg,137085,udalen
kirov,upload/works/park-02-1.jpeg,67451,udalen
kirov,upload/works/park-02-2.jpeg,106102,udalen
kirov,upload/works/park-02-3.jpeg,75043,udalen
kirov,upload/works/park-02-4.jpeg,130022,udalen
kirov,upload/works/park-04-1.jpeg,75755,udalen
kirov,upload/works/park-06-1.jpeg,51495,udalen
kirov,upload/works/park-08-1.jpeg,121857,udalen
kirov,upload/works/park-08-2.jpeg,113273,udalen
kirov,upload/works/park-09-1.jpeg,204056,udalen
kirov,upload/works/prom-opora-catalog-fyndament-010.jpeg,121263,udalen
kirov,upload/works/prom-opora-catalog-fyndament-011.jpeg,138702,udalen
kirov,upload/works/prom-opora-catalog-fyndament-012.jpeg,143790,udalen
kirov,upload/works/prom-opora-catalog-fyndament-013.jpeg,94871,udalen
kirov,upload/works/prom-opora-catalog-fyndament-014.jpeg,130975,udalen
kirov,upload/works/prom-opora-catalog-fyndament-015.jpeg,143069,udalen
kirov,upload/works/prom-opora-catalog-fyndament-06.jpeg,106319,udalen
kirov,upload/works/prom-opora-catalog-fyndament-07.jpeg,120098,udalen
kirov,upload/works/prom-opora-catalog-fyndament-08.jpeg,,na-hostinge-ne-bylo (priemka: otlichi ot sboya DELE)
kirov,upload/works/prom-opora-catalog-fyndament-09.jpeg,,na-hostinge-ne-bylo (priemka: otlichi ot sboya DELE)
kirov,upload/works/prom-opora-catalog-svetofor-01.jpeg,82462,udalen
kirov,upload/works/prom-opora-catalog-svetofor-02.jpeg,80349,udalen
kirov,upload/works/prom-opora-catalog-svetofor-03.jpeg,124971,udalen
kirov,upload/works/prom-opora-catalog-svetofor-gran-01.jpeg,86935,udalen
kirov,upload/works/prom-opora-catalog-svetofor-gran-02.jpeg,79069,udalen
kirov,upload/works/prom-opora-catalog-svetofor-gran-03.jpeg,90087,udalen
kirov,upload/works/prom-opora-catalog-svetofor-gran-04.jpeg,113016,udalen
kirov,upload/works/prom-opora-catalog-svetofor-gran-05.jpeg,108483,udalen
kirov,upload/works/prom-opora-catalog-svetofor-gran-06.jpeg,70308,udalen
kirov,upload/works/works-03-001.jpeg,,na-hostinge-ne-bylo (priemka: otlichi ot sboya DELE)
kirov,upload/works/works-03-002.jpeg,,na-hostinge-ne-bylo (priemka: otlichi ot sboya DELE)
kirov,upload/works/works-03-003.jpeg,,na-hostinge-ne-bylo (priemka: otlichi ot sboya DELE)
moskva,inc/css/custom.css,819241,udalen
moskva,inc/css/fa.all.min.css,3697,udalen
moskva,inc/css/slider.css,3194,udalen
moskva,inc/css/theme-child.css,379806,udalen
